ID;name;catalognumber;cena brutto;ID regula podatkowa;ID kategorii;inInventory;picture;description;attributes
100;Plafon CRYSTAL C0076-05L-F4FZ - Zuma Line;003064-001000;719.1;1;Lampy sufitowe;10;https://polskielampy.pl/images/!!!ZUMA/CRYSTAL/mini/450px_crystal-sufitowa.jpg;Lampa sufitowa CRYSTAL to niesamowicie efektowna propozycja dla wnętrz. Lustrzana powłoka staje się przezroczysta po włączeniu. Wnętrze lampy jest wypełnione zwisającymi kryształkami, przypominające krople wody. Połączenie chromu z kryształkami gwarantuje piękną grę światła. Lampa sprawdzi się idealnie do salonu, kuchni, czy sypialni.;Wysokość:22 cm,Szerokość:40 cm,Materiał:Szkło,Kolor:Chrom,Trzonek:G9,Moc żarówki:42W,Napięcie zasilania:230V,Ilość żarówek:5,Kompatybilna z LED:Tak,Źródło światła w komplecie:Nie,Klasa szczelności:IP20
101;Plafon CRYSTAL C0076-06X-F4FZ - Zuma Line;003064-001001;1034.1;1;Lampy sufitowe;10;https://polskielampy.pl/images/!!!ZUMA/CRYSTAL/mini/450px_lampa-sufitowa-crystal-c0076-06x-2.jpg;Lampa sufitowa CRYSTAL to stylowa i klasyczna propozycja dla nowoczesnych wnętrz. Delikatne kryształki umieszczone pod źródłem światła tworzy wyjątkową iluminację. Lampa oferuje wysoką jakość materiałów i staranne wykonanie dając magię pięknego oświetlenia. Idealnie nada się do przestrzeni zacisza domowego, czy też salonów piękności.;Wysokość:22 cm,Szerokość:50 cm,Materiał:Szkło,Kolor:Chrom,Trzonek:G9,Moc żarówki:42W,Napięcie zasilania:230V,Ilość żarówek:6,Kompatybilna z LED:Tak,Źródło światła w komplecie:Nie,Klasa szczelności:IP20
102;Plafon VISTA C0076-06K-F4GR - Zuma Line;003064-001175;1349.1;1;Lampy sufitowe;10;https://polskielampy.pl/images/!!!!!!!ZUMAA/ZUMA1/mini/450px_C0076-06K.jpg;Lampa sufitowa VISTA to wyjątkowy element dekoracyjny nadający się na motyw przewodni wnętrza. Owalny, szklany klosz z eleganckimi prześwitami jest wypełniony serią kryształków, które dodają całości blasku i odbijają wpadające do pomieszczenia słońce. Srebrny kolor wprowadza do wnętrza wyjątkowy i przyjemny nastrój. Idealnie nada się do salonu czy kuchni.;Wysokość:34,5 cm,Szerokość:50 cm,Materiał:Szkło,Kolor:Chrom,Trzonek:G9,Moc żarówki:42W,Napięcie zasilania:230V,Ilość żarówek:6,Kompatybilna z LED:Tak,Źródło światła w komplecie:Nie,Klasa szczelności:IP20
103;Plafon COMPO PL10 BIANCO 125510 -Ideal Lux;125510/IL;5313.8;1;Lampy sufitowe;10;https://polskielampy.pl/images//lampy/IdealLux/2018/mini/450px_125510_1.jpg;IDEAL LUX to włoski producent lamp najwyższej jakości. Polecamy lampy IDEAL LUX wszystkim ceniącym sobie najwyższą jakość wykonania i najlepsze materiały. Tradycyjny włoski design w połączeniu z najnowszymi technologiami to główne cechy lamp IDEAL LUX. W ofercie lamp IDEAL LUX możemy znaleźć piękne lampy kryształowe, żyrandole klasyczne i abażurowe, lampy stołowe jak również serie oświetlenia ogrodowego: kinkiety, lampy wiszące, stojące oraz latarnie.;Wysokość:35 cm,Szerokość:73,5 cm,Materiał:Metal,Kolor:Biały,Trzonek:E27,Moc żarówki:60W,Napięcie zasilania:230V,Ilość żarówek:10,Kompatybilna z LED:Tak,Źródło światła w komplecie:Nie,Klasa szczelności:IP20
104;Lampa sufitowa SYDNEY C8380-51W Auhilon;C8380-51W;449.1;1;Lampy wiszące;10;https://polskielampy.pl/images/DECOLIGHT/mini/450px_C8380-51w.jpg;Lampy Deco Light to doskonała propozycja dla wszystkich nowoczesnych wnętrz, urządzonych z smakiem. Lampy Deco Light to zbiór ciekawych modernistycznych modeli lamp. Wśród kolekcji lamp Deco Light znajdują się nowoczesne lampy LED, lampy industrialne oraz techniczne oprawy sufitowe oraz kinkiety. W przypadku lamp wyposażonych LED gwarancja na moduł wynosi aż 3 lata ! Po okresie trzech lat, producent zapewnia serwis pogwarancyjny. Zapraszamy do skorzystania z wspaniałej oferty lamp Deco Light.;Wysokość:22,6 cm,Szerokość:66 cm,Materiał:Metal,Kolor:Chrom,Trzonek:Moduł LED,Moc żarówki:51W,Napięcie zasilania:230V,Ilość żarówek:1,Kompatybilna z LED:,Źródło światła w komplecie:Tak,Klasa szczelności:IP20
105;Oprawa  sufitowa BALVE G917006-2B – Zuma Line;003064-007894;167.4;1;Lampy wiszące;10;https://polskielampy.pl/images//ZumaLine/2018/mini/450px_G917006-2B_1.jpg;Oprawa sufitowa BALVE to połączenie unikalnego designu z klasyką, elegancją i wysoką jakością materiałów. Solidna forma daje gwarancję funkcjonalności i komfortu użytkowania. Nowoczesna konstrukcja z metalu emituje ciepły, jasny blask tworząc niesamowicie przyjemną atmosferę pomieszczenia. Ten minimalistyczny kształt idealnie nada się do salonu czy pomieszczeń biurowych.;Wysokość:23 cm,Szerokość:15 cm,Materiał:Metal,Kolor:Szary,Trzonek:E14,Moc żarówki:40W,Napięcie zasilania:230V,Ilość żarówek:2,Kompatybilna z LED:Tak,Źródło światła w komplecie:Nie,Klasa szczelności:IP20
106;Oprawa sufitowa  MARTIN TK171206-4 - Zuma Line;003064-008080;152.1;1;Lampy wiszące;10;https://polskielampy.pl/images/ZumaLine/2018/mini/450px_CK171206-4.jpg;Oprawa sufitowa MARTIN to połączenie estetyki z komfortem użytkowania i funkcjonalnością. Cztery oprawy żarówek są otoczone złotymi klatkami, a pozostałe elementy są w kolorze czarnym. Złoty kolor skontrastowany z czarnym dodaje nieskazitelnej elegancji i charakteru. Z łatwością dopasuje się do nowoczesnych i designerskich aranżacji. Idealnie  Idealnie nada się do salonu, sypialni czy gabinetu.;Wysokość:19,7 cm,Szerokość:64,4 cm,Materiał:Metal,Kolor:Czarny,Trzonek:E14,Moc żarówki:40W,Napięcie zasilania:230V,Ilość żarówek:4,Kompatybilna z LED:Tak,Źródło światła w komplecie:Nie,Klasa szczelności:IP20
107;Oprawa sufitowa  REDON CK170901-2 - Zuma Line;003064-008070;67.5;1;Lampy wiszące;10;https://polskielampy.pl/images/ZumaLine/2018/mini/450px_CK170901-2.jpg;Oprawa sufitowa REDONcharakteryzuje się wyszukanym stylem i dobrą jakością.Uniwersalne połączenie kultowych odcieni bieli, czerni i złota nadaje niestandardowego charakteru wnętrzu. Nowoczesna konstrukcja emituje ciepły, jasny blask tworząc niesamowicie przyjemną atmosferę pomieszczenia. Doskonale sprawdzi się w korytarzu, salonie czy gabinecie.;Wysokość:18,1 cm,Szerokość:28 cm,Materiał:Metal,Kolor:Czarny,Trzonek:E14,Moc żarówki:40W,Napięcie zasilania:230V,Ilość żarówek:2,Kompatybilna z LED:Tak,Źródło światła w komplecie:Nie,Klasa szczelności:IP20
108;Plafon MARISA C29528F-2A  - Italux - Wyprzedaż;C29528F-2A/WYP;210.0;1;PLAFONY DESIGNERSKIE;2;https://polskielampy.pl/images/Italux/2016/mini/450px_C29528F-2A.jpg;Wyprzedaż stanu magazynowego ! Wysyłamy w 24 godziny. Produkt nowy i oryginalnie zapakowany. Produkt nie pochodzi z ekspozycji ! Ilość ograniczona.Lampy Italux to najwyższa klasa produktów stylizowanych na oryginalnych Włoskich projektach. Lampy Italux to wyszukany styl i elegancja która zagości w Państwa wnętrzach.  Lampy Italux to bogata oferta oświetlenia nowoczesnego i klasycznego. Lampy Italuxzyskały już popularność wśród projektantów i architektów. Polecamy lampy Italux do powierzchni mieszkalnych ale także komercyjnych.;Wysokość:11,5 cm,Szerokość:47 cm,Materiał:Metal,Kolor:Biały,Trzonek:Moduł LED,Moc żarówki:7,2W,Napięcie zasilania:230V,Ilość żarówek:4,Kompatybilna z LED:,Źródło światła w komplecie:Tak,Klasa szczelności:IP20
109;Plafon TEQUILA BIS 722 - Argon - WYPRZEDAŻ;722/Argon/WYP;169.0;1;PLAFONY DESIGNERSKIE;2;https://polskielampy.pl/images/mini/450px_BIS 722.jpg;Wyprzedaż stanu magazynowego, produkt nowy ( nie z ekspozycji )Plafon TEQUILA BIS 722 - Argon;Wysokość:8 cm,Szerokość:30 cm,Materiał:Drewno,Kolor:Brązowy,Trzonek:E27,Moc żarówki:15W,Napięcie zasilania:230V,Ilość żarówek:2,Kompatybilna z LED:Tak,Źródło światła w komplecie:Nie,Klasa szczelności:IP20
110;Lampa sufitowa ANDROMEDA II SC8373-50 Auhilon;SC8373-50;710.1;1;PLAFONY DESIGNERSKIE;6;https://polskielampy.pl/images//DECOLIGHT/NOWE2018_2/mini/450px_C8373-50_1.jpg;Lampy Deco Light to doskonała propozycja dla wszystkich nowoczesnych wnętrz, urządzonych z smakiem. Lampy Deco Light to zbiór ciekawych modernistycznych modeli lamp. Wśród kolekcji lamp Deco Light znajdują się nowoczesne lampy LED, lampy industrialne oraz techniczne oprawy sufitowe oraz kinkiety. W przypadku lamp wyposażonych LED gwarancja na moduł wynosi aż 3 lata ! Po okresie trzech lat, producent zapewnia serwis pogwarancyjny. Zapraszamy do skorzystania z wspaniałej oferty lamp Deco Light.;Wysokość:20 cm,Szerokość:50 cm,Materiał:Metal,Kolor:Czarny,Trzonek:Moduł LED,Moc żarówki:36W,Napięcie zasilania:230V,Ilość żarówek:,Kompatybilna z LED:,Źródło światła w komplecie:Tak,Klasa szczelności:IP20
111;Lampa sufitowa CHICAGO LED HY2634-828 Auhilon;HY2634-828;256.5;1;PLAFONY DESIGNERSKIE;10;https://polskielampy.pl/images//DECOLIGHT/mini/450px_chicago_HY2634-828_00 (Copy).jpg;Lampy Deco Light to doskonała propozycja dla wszystkich nowoczesnych wnętrz, urządzonych z smakiem. Lampy Deco Light to zbiór ciekawych modernistycznych modeli lamp. Wśród kolekcji lamp Deco Light znajdują się nowoczesne lampy LED, lampy industrialne oraz techniczne oprawy sufitowe oraz kinkiety. W przypadku lamp wyposażonych LED gwarancja na moduł wynosi aż 3 lata ! Po okresie trzech lat, producent zapewnia serwis pogwarancyjny. Zapraszamy do skorzystania z wspaniałej oferty lamp Deco Light.;Wysokość:7,5 cm,Szerokość:42 cm,Materiał:Tworzywo sztuczne,Kolor:Biały,Trzonek:Moduł LED,Moc żarówki:28W,Napięcie zasilania:230V,Ilość żarówek:1,Kompatybilna z LED:,Źródło światła w komplecie:,Klasa szczelności:
112;Oprawa sufitowa TYBER 3 /3091/ - Argon - Wyprzedaż;3091/Argon/W;100.0;1;PLAFONY INDUSTRIALNE;2;https://polskielampy.pl/images//lampy/ARGON/2019/mini/450px_3091.jpg;Wyprzedaż stanu magazynowego ! Wysyłamy w 24 godziny. Produkt nowy i oryginalnie zapakowany. Produkt nie pochodzi z ekspozycji !Lampy Argon to nasza rodzima Polska produkcja. Klosze oraz elementy konstrukcyjne są produkowane w Polsce. Dlatego też lampy Argon to najwyższa jakość wykonania. Firma kładzie również nacisk na nowoczesne wzornictwo i ciekawe formy. LampyArgonzyskały już popularność wśród projektantów i architektów. Polecamy lampy Argon do powierzchni mieszkalnych ale także komercyjnych. Lampy Argon to nieskończone możliwości modyfikacji oferowane przez samego producenta. Każdą lampę można na zlecenie dowolnie modyfikować, np zwiększając liczbę źródeł światła lub zmieniając długość lamp i żyrandoli. Lampy Argon są wykonywane na indywidualne zlecenie, dlatego też czas realizacji zamówień oscyluję w przedziale 7-21 dni. W ofercie kinkiety, lampy wiszące, plafony, lampy podłogowe, lampy stołowe Polskiej produkcji. Polecamy markę Argon wszystkim zwolennikom pięknego światła w rozsądnej cenie.;Wysokość:11 cm,Szerokość:7 cm,Materiał:Metal,Kolor:Biały,Trzonek:GU10,Moc żarówki:5W,Napięcie zasilania:230V,Ilość żarówek:1,Kompatybilna z LED:,Źródło światła w komplecie:Tak,Klasa szczelności:
113;Lampa spot sufitowa AGATE BL/G ZH-803-CZARNA Auhilon;ZH-803-CZARNA;206.1;1;PLAFONY INDUSTRIALNE;10;https://polskielampy.pl/images/DECOLIGHT/2018/mini/450px_ZH-803-CZARNA.jpg;Lampy Deco Light to doskonała propozycja dla wszystkich nowoczesnych wnętrz, urządzonych z smakiem. Lampy Deco Light to zbiór ciekawych modernistycznych modeli lamp. Wśród kolekcji lamp Deco Light znajdują się nowoczesne lampy LED, lampy industrialne oraz techniczne oprawy sufitowe oraz kinkiety. W przypadku lamp wyposażonych LED gwarancja na moduł wynosi aż 3 lata ! Po okresie trzech lat, producent zapewnia serwis pogwarancyjny. Zapraszamy do skorzystania z wspaniałej oferty lamp Deco Light.;Wysokość:15 cm,Szerokość:8 cm,Materiał:Metal,Kolor:Czarny,Trzonek:Moduł LED,Moc żarówki:15W,Napięcie zasilania:230V,Ilość żarówek:1,Kompatybilna z LED:,Źródło światła w komplecie:Tak,Klasa szczelności:IP20
114;Lampa spot sufitowa ALX F1009-BIAŁA Auhilon;F1009-BIAŁA;80.1;1;PLAFONY INDUSTRIALNE;10;https://polskielampy.pl/images/DECOLIGHT/2018/mini/450px_F1009-BIAŁA.jpg;Lampy Deco Light to doskonała propozycja dla wszystkich nowoczesnych wnętrz, urządzonych z smakiem. Lampy Deco Light to zbiór ciekawych modernistycznych modeli lamp. Wśród kolekcji lamp Deco Light znajdują się nowoczesne lampy LED, lampy industrialne oraz techniczne oprawy sufitowe oraz kinkiety. W przypadku lamp wyposażonych LED gwarancja na moduł wynosi aż 3 lata ! Po okresie trzech lat, producent zapewnia serwis pogwarancyjny. Zapraszamy do skorzystania z wspaniałej oferty lamp Deco Light.;Wysokość:14,2 cm,Szerokość:5,4 cm,Materiał:Metal,Kolor:Biały,Trzonek:Moduł LED,Moc żarówki:9W,Napięcie zasilania:230V,Ilość żarówek:1,Kompatybilna z LED:,Źródło światła w komplecie:Tak,Klasa szczelności:IP20
115;Lampa spot sufitowa ALX F1009-CZARNA Auhilon;F1009-CZARNA;80.1;1;PLAFONY INDUSTRIALNE;10;https://polskielampy.pl/images/mini/450px_F1009-CZARNA.jpg;Lampy Deco Light to doskonała propozycja dla wszystkich nowoczesnych wnętrz, urządzonych z smakiem. Lampy Deco Light to zbiór ciekawych modernistycznych modeli lamp. Wśród kolekcji lamp Deco Light znajdują się nowoczesne lampy LED, lampy industrialne oraz techniczne oprawy sufitowe oraz kinkiety. W przypadku lamp wyposażonych LED gwarancja na moduł wynosi aż 3 lata ! Po okresie trzech lat, producent zapewnia serwis pogwarancyjny. Zapraszamy do skorzystania z wspaniałej oferty lamp Deco Light.;Wysokość:14,2 cm,Szerokość:5,4 cm,Materiał:Metal,Kolor:Czarny,Trzonek:Moduł LED,Moc żarówki:9W,Napięcie zasilania:230V,Ilość żarówek:1,Kompatybilna z LED:,Źródło światła w komplecie:Tak,Klasa szczelności:IP20
116;Plafon MISTRAL wentylator wiatrak + Pilot ML6092 - Milagro;ML6092/Milagro;399.0;1;PLAFONY NOWOCZESNE;10;https://polskielampy.pl/images/milagro2017/mini/450px_ML6092.jpg;Doskonała nowoczesna plafoniera z funkcją wentylatora. Plafoniera MISTRALML6092to nowoczesna lampa o kompaktowych wymiarach: jej średnica wynosi 40 cm, a wysokość ma 19 cm. Model ten został wyposażony w praktyczny wentylator o mocy 25 W, który będzie przydatny szczególnie podczas ciepłych, letnich dni. Lampą można sterować za pomocą pilota. Dzięki niemu możliwa jest zmiana barwy światła lampy, jej ściemnianie, a także regulacja mocy wentylatora. Przy tym modelu jest także możliwość rotacji wstecznej wentylatora. Plafoniera ma mleczny klosz, z którym kontrastuje czarna, wewnętrzna część tego oświetlenia. Model MISTRAL jest wypukły, co zwraca uwagę i jednocześnie sprawia, że plafoniera staje jednym z wiodących elementów wystroju wnętrza. Uniwersalna kolorystyka tego modelu i jego minimalistyczny design sprawiają, że lampa będzie świetnie wyglądać w połączeniu z bielą, szarością, czernią, jak i z wyrazistymi kolorami, jak chociażby czerwony. Plafoniera MISTRAL od marki MiLAGRO została objęta gwarancją producenta, która trwa 24 miesiące. Klosz transparentnyPlafon sprawdzi się przede wszystkim w upalne dni. Ale można z niego korzystać cały rok powodując ruch powietrza w swoich wnętrzach. Nowoczesna lampa designerska z funkcyjnym pilotem sprawdzi się jako doskonałe oświetlenie, wentylator oraz wspaniała dekoracja do nowoczesnych wnętrz w designerskim stylu;Wysokość:18,Szerokość:40,Materiał:Metal,Kolor:Przezroczysty,Trzonek:Moduł LED,Moc żarówki:45W,Napięcie zasilania:230V,Ilość żarówek:1,Kompatybilna z LED:Nie,Źródło światła w komplecie:Tak,Klasa szczelności:IP20
117;Wentylator ANTIBES biały/brązowy 35069 - Eglo;35069/Eglo;1299.9;1;PLAFONY NOWOCZESNE;10;https://polskielampy.pl/images/EGLO/mini/450px_35069.jpg;Wentylator ANTIBES 35069- Eglo,renomowanego producenta oświetlenia wewnętrznego i zewnętrznego EGLO. Podstawa w kolorze białym wykonana ze stali i łopaty w kolorze brązowym z tworzywa sztucznego. Nowoczesny wygląd i precyzyjne wykończenie sprawia, że jest to idealna opcja dla osób ceniących sobie nowoczesny, a zarazem prosty wygląd. W zestawie znajdziemy wentylator jak i pilot sterujący urządzeniem co da użytkownikowi dużą wygodę w użytkowaniu. Wiatrak posiada wiele funkcji takich jak:Pięć poziomów prędkości - co daje możliwość regulacji siły wiatru w zależności od potrzeb.Ciepło/Zimno - dzięki czemu wiatrak spełni zadania w lecie jak i w zimie.Możliwość automatycznego wyłączenia wiatraka po 1/4/8 godzinach pracy.;Wysokość:30 cm,Szerokość:132 cm,Materiał:Metal,Kolor:Biały,Trzonek:,Moc żarówki:,Napięcie zasilania:230V,Ilość żarówek:,Kompatybilna z LED:,Źródło światła w komplecie:,Klasa szczelności:IP20
118;Wentylator ANTIBES czarny 35017 - Eglo;35017/Eglo;1899.9;1;PLAFONY NOWOCZESNE;10;https://polskielampy.pl/images/EGLO/mini/450px_35017.jpg;Wentylator ANTIBES 35017- Eglo,renomowanego producenta oświetlenia wewnętrznego i zewnętrznego EGLO. Wiatrak w kolorze czarnym wykonany ze stali i tworzywa sztucznego. Nowoczesny wygląd i precyzyjne wykończenie sprawia, że jest to idealna opcja dla osób ceniących sobie nowoczesny, a zarazem prosty wygląd. W zestawie znajdziemy wentylator jak i pilot sterujący urządzeniem co da użytkownikowi dużą wygodę w użytkowaniu. Wiatrak posiada wiele funkcji takich jak:Pięć poziomów prędkości - co daje możliwość regulacji siły wiatru w zależności od potrzeb.Ciepło/Zimno - dzięki czemu wiatrak spełni zadania w lecie jak i w zimie.Możliwość automatycznego wyłączenia wiatraka po 1/4/8 godzinach pracy.Moduł LED o mocy 18W i barwie światła 4000K;Wysokość:30 cm,Szerokość:132 cm,Materiał:Metal,Kolor:Czarny,Trzonek:Moduł LED,Moc żarówki:18W,Napięcie zasilania:230V,Ilość żarówek:1,Kompatybilna z LED:,Źródło światła w komplecie:Tak,Klasa szczelności:IP20
119;Wentylator ANTIBES czarny/brązowy 35072 - Eglo;35072/Eglo;1299.9;1;PLAFONY NOWOCZESNE;10;https://polskielampy.pl/images/EGLO/mini/450px_35072.jpg;Wentylator ANTIBES 35072- Eglo,renomowanego producenta oświetlenia wewnętrznego i zewnętrznego EGLO. Podstawa w kolorze czarnym wykonana ze stali i łopaty w kolorze brązowym z tworzywa sztucznego. Nowoczesny wygląd i precyzyjne wykończenie sprawia, że jest to idealna opcja dla osób ceniących sobie nowoczesny, a zarazem prosty wygląd. W zestawie znajdziemy wentylator jak i pilot sterujący urządzeniem co da użytkownikowi dużą wygodę w użytkowaniu. Wiatrak posiada wiele funkcji takich jak:Pięć poziomów prędkości - co daje możliwość regulacji siły wiatru w zależności od potrzeb.Ciepło/Zimno - dzięki czemu wiatrak spełni zadania w lecie jak i w zimie.Możliwość automatycznego wyłączenia wiatraka po 1/4/8 godzinach pracy.;Wysokość:30 cm,Szerokość:132 cm,Materiał:Metal,Kolor:Czarny,Trzonek:,Moc żarówki:,Napięcie zasilania:230V,Ilość żarówek:,Kompatybilna z LED:,Źródło światła w komplecie:,Klasa szczelności:IP20
120;Oprawa sufitowa FLUO ACCENT 1200 3000K ALLUMINIUM 192635 -Ideal Lux;192635/IL;1730.1;1;SPOTY SUFITOWE;10;https://polskielampy.pl/images//lampy/IdealLux/2018/mini/450px_192635_1.jpg;IDEAL LUX to włoski producent lamp najwyższej jakości. Polecamy lampy IDEAL LUX wszystkim ceniącym sobie najwyższą jakość wykonania i najlepsze materiały. Tradycyjny włoski design w połączeniu z najnowszymi technologiami to główne cechy lamp IDEAL LUX. W ofercie lamp IDEAL LUX możemy znaleźć piękne lampy kryształowe, żyrandole klasyczne i abażurowe, lampy stołowe jak również serie oświetlenia ogrodowego: kinkiety, lampy wiszące, stojące oraz latarnie.;Wysokość:8 cm,Szerokość:120,5 cm,Materiał:Metal,Kolor:Srebrny,Trzonek:Moduł LED,Moc żarówki:30W,Napięcie zasilania:230V,Ilość żarówek:1,Kompatybilna z LED:,Źródło światła w komplecie:Tak,Klasa szczelności:IP20
121;Oprawa sufitowa FLUO ACCENT 1200 3000K WHITE 192611 - Ideal Lux;192611/IL;1730.1;1;SPOTY SUFITOWE;10;https://polskielampy.pl/images//lampy/IdealLux/2018/mini/450px_192611_1.jpg;IDEAL LUX to włoski producent lamp najwyższej jakości. Polecamy lampy IDEAL LUX wszystkim ceniącym sobie najwyższą jakość wykonania i najlepsze materiały. Tradycyjny włoski design w połączeniu z najnowszymi technologiami to główne cechy lamp IDEAL LUX. W ofercie lamp IDEAL LUX możemy znaleźć piękne lampy kryształowe, żyrandole klasyczne i abażurowe, lampy stołowe jak również serie oświetlenia ogrodowego: kinkiety, lampy wiszące, stojące oraz latarnie.;Wysokość:8 cm,Szerokość:120,5 cm,Materiał:Metal,Kolor:Biały,Trzonek:Moduł LED,Moc żarówki:30W,Napięcie zasilania:230V,Ilość żarówek:1,Kompatybilna z LED:,Źródło światła w komplecie:Tak,Klasa szczelności:IP20
122;Oprawa sufitowa FLUO ACCENT 1200 4000K ALLUMINIUM 192574 -Ideal Lux;192574/IL;1730.1;1;SPOTY SUFITOWE;10;https://polskielampy.pl/images//lampy/IdealLux/2018/mini/450px_192574_1.jpg;IDEAL LUX to włoski producent lamp najwyższej jakości. Polecamy lampy IDEAL LUX wszystkim ceniącym sobie najwyższą jakość wykonania i najlepsze materiały. Tradycyjny włoski design w połączeniu z najnowszymi technologiami to główne cechy lamp IDEAL LUX. W ofercie lamp IDEAL LUX możemy znaleźć piękne lampy kryształowe, żyrandole klasyczne i abażurowe, lampy stołowe jak również serie oświetlenia ogrodowego: kinkiety, lampy wiszące, stojące oraz latarnie.;Wysokość:8 cm,Szerokość:120,5 cm,Materiał:Metal,Kolor:Srebrny,Trzonek:Moduł LED,Moc żarówki:30W,Napięcie zasilania:230V,Ilość żarówek:1,Kompatybilna z LED:,Źródło światła w komplecie:Tak,Klasa szczelności:IP20
123;Oprawa sufitowa FLUO ACCENT 1200 4000K BLACK 192529 -Ideal Lux;192529/IL;1730.1;1;SPOTY SUFITOWE;10;https://polskielampy.pl/images//lampy/IdealLux/2018/mini/450px_192529_1.jpg;IDEAL LUX to włoski producent lamp najwyższej jakości. Polecamy lampy IDEAL LUX wszystkim ceniącym sobie najwyższą jakość wykonania i najlepsze materiały. Tradycyjny włoski design w połączeniu z najnowszymi technologiami to główne cechy lamp IDEAL LUX. W ofercie lamp IDEAL LUX możemy znaleźć piękne lampy kryształowe, żyrandole klasyczne i abażurowe, lampy stołowe jak również serie oświetlenia ogrodowego: kinkiety, lampy wiszące, stojące oraz latarnie.;Wysokość:8 cm,Szerokość:120,5 cm,Materiał:Metal,Kolor:Czarny,Trzonek:Moduł LED,Moc żarówki:30W,Napięcie zasilania:230V,Ilość żarówek:1,Kompatybilna z LED:,Źródło światła w komplecie:Tak,Klasa szczelności:IP20
124;Oprawa szynowa BLAND TP-739-BIAŁA Auhilon;TP-739-BIAŁA;206.1;1;LAMPY I WENTYLATORY;10;https://polskielampy.pl/images/DECOLIGHT/2018/mini/450px_TP-739-BIAŁA.jpg;Lampy Deco Light to doskonała propozycja dla wszystkich nowoczesnych wnętrz, urządzonych z smakiem. Lampy Deco Light to zbiór ciekawych modernistycznych modeli lamp. Wśród kolekcji lamp Deco Light znajdują się nowoczesne lampy LED, lampy industrialne oraz techniczne oprawy sufitowe oraz kinkiety. W przypadku lamp wyposażonych LED gwarancja na moduł wynosi aż 3 lata ! Po okresie trzech lat, producent zapewnia serwis pogwarancyjny. Zapraszamy do skorzystania z wspaniałej oferty lamp Deco Light.;Wysokość:25 cm,Szerokość:7 cm,Materiał:Metal,Kolor:Biały,Trzonek:Moduł LED,Moc żarówki:20W,Napięcie zasilania:230V,Ilość żarówek:1,Kompatybilna z LED:,Źródło światła w komplecie:Tak,Klasa szczelności:IP20
125;Oprawa szynowa DECKER 2L BL ZK-802-CZARNA Auhilon;ZK-802-CZARNA;296.1;1;LAMPY I WENTYLATORY;10;https://polskielampy.pl/images/DECOLIGHT/2019/mini/450px_ZK-802-CZARNA.jpg;Lampy Deco Light to doskonała propozycja dla wszystkich nowoczesnych wnętrz, urządzonych z smakiem. Lampy Deco Light to zbiór ciekawych modernistycznych modeli lamp. Wśród kolekcji lamp Deco Light znajdują się nowoczesne lampy LED, lampy industrialne oraz techniczne oprawy sufitowe oraz kinkiety. W przypadku lamp wyposażonych LED gwarancja na moduł wynosi aż 3 lata ! Po okresie trzech lat, producent zapewnia serwis pogwarancyjny. Zapraszamy do skorzystania z wspaniałej oferty lamp Deco Light.;Wysokość:14 cm,Szerokość:4,7 cm,Materiał:Metal,Kolor:Czarny,Trzonek:Moduł LED,Moc żarówki:7W,Napięcie zasilania:230V,Ilość żarówek:2,Kompatybilna z LED:,Źródło światła w komplecie:,Klasa szczelności:
126;Oprawa szynowa JERRY TRACK EGS-R0031-ZD12 Auhilon;EGS-R0031-ZD12;161.1;1;LAMPY I WENTYLATORY;10;https://polskielampy.pl/images/DECOLIGHT/2018/mini/450px_EGS-R0031-ZD12.jpg;Lampy Deco Light to doskonała propozycja dla wszystkich nowoczesnych wnętrz, urządzonych z smakiem. Lampy Deco Light to zbiór ciekawych modernistycznych modeli lamp. Wśród kolekcji lamp Deco Light znajdują się nowoczesne lampy LED, lampy industrialne oraz techniczne oprawy sufitowe oraz kinkiety. W przypadku lamp wyposażonych LED gwarancja na moduł wynosi aż 3 lata ! Po okresie trzech lat, producent zapewnia serwis pogwarancyjny. Zapraszamy do skorzystania z wspaniałej oferty lamp Deco Light.;Wysokość:9,8 cm,Szerokość:,Materiał:Metal,Kolor:Czarny,Trzonek:Moduł LED,Moc żarówki:,Napięcie zasilania:12V,Ilość żarówek:1,Kompatybilna z LED:,Źródło światła w komplecie:Tak,Klasa szczelności:IP20
127;Oprawa szynowa SIENA TRACK EGS-R0029-Y35 Auhilon;EGS-R0029-Y35;224.1;1;LAMPY I WENTYLATORY;10;https://polskielampy.pl/images/DECOLIGHT/2018/mini/450px_EGS-R0029-Y35.jpg;Lampy Deco Light to doskonała propozycja dla wszystkich nowoczesnych wnętrz, urządzonych z smakiem. Lampy Deco Light to zbiór ciekawych modernistycznych modeli lamp. Wśród kolekcji lamp Deco Light znajdują się nowoczesne lampy LED, lampy industrialne oraz techniczne oprawy sufitowe oraz kinkiety. W przypadku lamp wyposażonych LED gwarancja na moduł wynosi aż 3 lata ! Po okresie trzech lat, producent zapewnia serwis pogwarancyjny. Zapraszamy do skorzystania z wspaniałej oferty lamp Deco Light.;Wysokość:16 cm,Szerokość:,Materiał:Metal,Kolor:Czarny,Trzonek:Moduł LED,Moc żarówki:,Napięcie zasilania:230V,Ilość żarówek:1,Kompatybilna z LED:,Źródło światła w komplecie:Tak,Klasa szczelności:IP20
128;Lampa wisząca SIRIUS 90 CH AZ2114+AZ2116 - Azzardo;DEL-6612-90-CH;1638.0;1;LAMPY LINIOWE LED;10;https://polskielampy.pl/images/!!!!!!!AZZARDO/UZUPELNIENIE/mini/450px_sirius-90-chrome.jpg;Lampa zwisająca oświetleniowa - wiszącaSirius 90ChromAZ2114+AZ2116. Seria Sirius  należy do produktów z kategorii Decorative. Jest to inspiracja na lampę nietuzinkową i oryginalną. To lampa dla tych, którzy lubią we wnętrzach oryginalne rozwiązania. LampaAzzardo Siriusto doskonały designerski styl oświetlenia który sprawi, że lampa oprócz funkcji mocnego światła do salonu stanowi również bogaty walor dekoracyjny oraz aranżacyjny dla  naszego wnętrza. Lampa wpisuję się w trendy stylu nowojorskiego oraz Hi-Tech, ciekawie sprawdzi się również w aranżacjach loftowych. Doskonała inspiracja na lampę wiszącą do salonu. Lampa została wykonana z solidnych materiałów, występuje w kilku rozmiarach oraz w kolorach chrom oraz miedzianym ( Cooper ) Lampa posiada 12 gniazd na żarówkę G9 oraz ma możliwość regulacji wysokości.;Wysokość:236 cm,Szerokość:90 cm,Materiał:Metal,Kolor:Chrom,Trzonek:G9,Moc żarówki:40W,Napięcie zasilania:230V,Ilość żarówek:12,Kompatybilna z LED:Tak,Źródło światła w komplecie:Nie,Klasa szczelności:IP20
129;Lampa wisząca SIRIUS 90 CO AZ2118+AZ2120 - Azzardo;DEL-6613-90-CO;1748.0;1;LAMPY LINIOWE LED;10;https://polskielampy.pl/images/!!!!!!!AZZARDO/UZUPELNIENIE/mini/450px_sirius-90-copper.jpg;Lampa zwisająca oświetleniowa - wiszącaSirius90 CooperAZ2118+AZ2120. Seria Sirius należy do produktów z kategorii Decorative. Jest to inspiracja na lampę nietuzinkową i oryginalną. To lampa dla tych, którzy lubią we wnętrzach oryginalne rozwiązania. LampaAzzardo Siriusto doskonały designerski styl oświetlenia który sprawi, że lampa oprócz funkcji mocnego światła do salonu stanowi również bogaty walor dekoracyjny oraz aranżacyjny dla  naszego wnętrza. Lampa wpisuję się w trendy stylu nowojorskiego oraz Hi-Tech, ciekawie sprawdzi się również w aranżacjach loftowych. Doskonała inspiracja na lampę wiszącą do salonu. Lampa została wykonana z solidnych materiałów, występuje w kilku rozmiarach oraz w kolorach chrom oraz miedzianym ( Cooper ) Lampa posiada 12 gniazd na żarówkę G9 oraz ma możliwość regulacji wysokości.;Wysokość:236 cm,Szerokość:90 cm,Materiał:Metal,Kolor:Miedziany,Trzonek:G9,Moc żarówki:40W,Napięcie zasilania:230V,Ilość żarówek:12,Kompatybilna z LED:Tak,Źródło światła w komplecie:Nie,Klasa szczelności:IP20
130;Lampa wisząca ANZIO P0480-04A-F4D7 - Zuma Line;003064-009255;1259.1;1;LAMPY LINIOWE LED;10;https://polskielampy.pl/images//ZumaLine/2019/mini/450px_p0480-04a-f4d7.jpg;Lampa wisząca ANZIO to połączenie modnego designu z dopracowanymi detalami i najlepszą jakością. Przeplatające się ze sobą kryształy i metalowe płytki zachwycają niesamowitym efektem wizualnym. Kryształki idealnie odbijają promienie słoneczne zapewniając znakomitą grę światła. Lampa podkreśla nowoczesny charakter i klimat pomieszczenia. Doskonale sprawdzi się w przestrzeni domowej lub komercyjnej.;Wysokość:182 cm,Szerokość:49 cm,Materiał:Szkło,Kolor:Złoty,Trzonek:E27,Moc żarówki:40W,Napięcie zasilania:230V,Ilość żarówek:4,Kompatybilna z LED:Tak,Źródło światła w komplecie:Nie,Klasa szczelności:IP20
131;Lampa wisząca BLINK P0173-05W-F4B3 -Zuma Line;003064-001215;539.1;1;LAMPY LINIOWE LED;10;https://polskielampy.pl/images/ZumaLine/2017/mini/450px_P0173-05W.jpg;Lampa wisząca BLINK charakteryzuje się subtelnym oraz stylowym oświetleniem. Drobne, lustrzane kryształki tworzą wzór siateczki dodając wyjątkowego efektu ozdobnego wnętrzu. Klosz w formie koła posiada pięć punktów świetlnych, które idealnie nadają się jako centralne oświetlenie w pomieszczeniu. Wnętrze zostało ozdobione kryształkami dodając niesamowitej subtelności. Idealnie wpasuje się w oświetlenie salonu czy kuchni.;Wysokość:143 cm,Szerokość:37 cm,Materiał:Szkło kryształowe,Kolor:Chrom,Trzonek:G9,Moc żarówki:42W,Napięcie zasilania:230V,Ilość żarówek:5,Kompatybilna z LED:Tak,Źródło światła w komplecie:Nie,Klasa szczelności:IP20
132;Lampa zwis DIAMONDIA-1L MD1114-06 Auhilon;MD1114-06;197.1;1;LAMPY SZYNOWE;10;https://polskielampy.pl/images//DECOLIGHT/mini/450px_MD1114-06 ZWIS DIAMOND-1L.jpg;Lampy Deco Light to doskonała propozycja dla wszystkich nowoczesnych wnętrz, urządzonych z smakiem. Lampy Deco Light to zbiór ciekawych modernistycznych modeli lamp. Wśród kolekcji lamp Deco Light znajdują się nowoczesne lampy LED, lampy industrialne oraz techniczne oprawy sufitowe oraz kinkiety. W przypadku lamp wyposażonych LED gwarancja na moduł wynosi aż 3 lata ! Po okresie trzech lat, producent zapewnia serwis pogwarancyjny. Zapraszamy do skorzystania z wspaniałej oferty lamp Deco Light.;Wysokość:150 cm,Szerokość:13 cm,Materiał:Szkło,Kolor:Chrom,Trzonek:Moduł LED,Moc żarówki:6W,Napięcie zasilania:230V,Ilość żarówek:1,Kompatybilna z LED:Tak,Źródło światła w komplecie:Nie,Klasa szczelności:IP20
133;Lampa zwis MODENA nowoczesna MD1119-12 Auhilon;MD1119-12;211.5;1;LAMPY SZYNOWE;10;https://polskielampy.pl/images//DECOLIGHT/mini/450px_modena_MD1119-12 (Copy).jpg;Lampy Deco Light to doskonała propozycja dla wszystkich nowoczesnych wnętrz, urządzonych z smakiem. Lampy Deco Light to zbiór ciekawych modernistycznych modeli lamp. Wśród kolekcji lamp Deco Light znajdują się nowoczesne lampy LED, lampy industrialne oraz techniczne oprawy sufitowe oraz kinkiety. W przypadku lamp wyposażonych LED gwarancja na moduł wynosi aż 3 lata ! Po okresie trzech lat, producent zapewnia serwis pogwarancyjny. Zapraszamy do skorzystania z wspaniałej oferty lamp Deco Light.;Wysokość:120 cm,Szerokość:12 cm,Materiał:Szkło kryształowe,Kolor:Chrom,Trzonek:Moduł LED,Moc żarówki:12W,Napięcie zasilania:230V,Ilość żarówek:1,Kompatybilna z LED:,Źródło światła w komplecie:,Klasa szczelności:
134;Lampa wisząca AMEDEO 17106/3+1-CHR - Zuma Line;003064-009237;584.1;1;LAMPY SZYNOWE;10;https://polskielampy.pl/images//ZumaLine/2019/mini/450px_17106_3+1-chr.jpg;Plafon AMEDEO to połączenie niestandardowego designu z niezwykłą dbałością o szczegóły. Nietypowe i interesujące wzornictwo doskonale spełni funkcję wyjątkowej ozdoby. Połączenie kryształowych elementów ze stabilną, metalową konstrukcją doskonale sprawdzi się w nowoczesnych aranżacjach. Kryształki idealnie odbijają promienie słoneczne zapewniając znakomitą grę światła. Doskonale sprawdzi się jako oświetlenie salonu.;Wysokość:94 cm,Szerokość:29 cm,Materiał:Szkło,Kolor:Chrom,Trzonek:E14,Moc żarówki:40W,Napięcie zasilania:230V,Ilość żarówek:4,Kompatybilna z LED:Tak,Źródło światła w komplecie:Nie,Klasa szczelności:IP20
135;Lampa wisząca AMEDEO 17106/4+1-CHR - Zuma Line;003064-009235;764.1;1;LAMPY SZYNOWE;10;https://polskielampy.pl/images//ZumaLine/2019/mini/450px_17106_4+1-chr.jpg;Plafon AMEDEO to połączenie niestandardowego designu z niezwykłą dbałością o szczegóły. Nietypowe i interesujące wzornictwo doskonale spełni funkcję wyjątkowej ozdoby. Połączenie kryształowych elementów ze stabilną, metalową konstrukcją doskonale sprawdzi się w nowoczesnych aranżacjach. Kryształki idealnie odbijają promienie słoneczne zapewniając znakomitą grę światła. Doskonale sprawdzi się jako oświetlenie salonu.;Wysokość:100 cm,Szerokość:39 cm,Materiał:Szkło,Kolor:Chrom,Trzonek:E14,Moc żarówki:40W,Napięcie zasilania:230V,Ilość żarówek:5,Kompatybilna z LED:Tak,Źródło światła w komplecie:Nie,Klasa szczelności:IP20
136;Lampa wisząca LINDOS 3419 - Argon - Wyprzedaż;3419/Argon/WYP;189.0;1;LAMPY WISZĄCE DESIGNERSKIE;4;https://polskielampy.pl/images//ARGON/2019/mini/450px_3419.jpg;Wyprzedaż stanu magazynowego ( ilość ograniczona ) produkt nowy ( nie z ekspozycji )Lampa wisząca LINDOS 3419 - Argon;Wysokość:120 cm,Szerokość:30 cm,Materiał:Metal,Kolor:Czarny,Trzonek:E27,Moc żarówki:15W,Napięcie zasilania:230V,Ilość żarówek:1,Kompatybilna z LED:Tak,Źródło światła w komplecie:Nie,Klasa szczelności:IP20
137;Lampa wisząca MINIMAL SP1 ORO 009391 -Ideal Lux - Wyprzedaż;009391/IL/WYP;170.0;1;LAMPY WISZĄCE DESIGNERSKIE;2;https://polskielampy.pl/images//lampy/IdealLux/2018/mini/450px_009391_1.jpg;Wyprzedaż stanu magazynowego ! W super cenie posiadamy tylko 1 szt produktu. Zapytaj o cenę !  Wysyłamy w 24 godziny. Produkt nowy i oryginalnie zapakowany. Produkt nie pochodzi z ekspozycji !IDEAL LUX to włoski producent lamp najwyższej jakości. Polecamy lampy IDEAL LUX wszystkim ceniącym sobie najwyższą jakość wykonania i najlepsze materiały. Tradycyjny włoski design w połączeniu z najnowszymi technologiami to główne cechy lamp IDEAL LUX. W ofercie lamp IDEAL LUX możemy znaleźć piękne lampy kryształowe, żyrandole klasyczne i abażurowe, lampy stołowe jak również serie oświetlenia ogrodowego: kinkiety, lampy wiszące, stojące oraz latarnie.;Wysokość:242 cm,Szerokość:12 cm,Materiał:Metal,Kolor:Złoty,Trzonek:E27,Moc żarówki:70W,Napięcie zasilania:230V,Ilość żarówek:1,Kompatybilna z LED:Tak,Źródło światła w komplecie:Nie,Klasa szczelności:IP20
138;Lampa wisząca NEWA 3271 - Argon - Wyprzedaż;3271/Argon/WYP;65.0;1;LAMPY WISZĄCE DESIGNERSKIE;2;https://polskielampy.pl/images//lampy/ARGON/2019/mini/450px_3271.jpg;Wyprzedaż stanu magazynowego ! Wysyłamy w 24 godziny. Produkt nowy i oryginalnie zapakowany. Produkt nie pochodzi z ekspozycji ! Ilość ograniczona.  Na stanie 1 sztuka.Lampy Argon to nasza rodzima Polska produkcja. Klosze oraz elementy konstrukcyjne są produkowane w Polsce. Dlatego też lampy Argon to najwyższa jakość wykonania. Firma kładzie również nacisk na nowoczesne wzornictwo i ciekawe formy. LampyArgonzyskały już popularność wśród projektantów i architektów. Polecamy lampy Argon do powierzchni mieszkalnych ale także komercyjnych. Lampy Argon to nieskończone możliwości modyfikacji oferowane przez samego producenta. Każdą lampę można na zlecenie dowolnie modyfikować, np zwiększając liczbę źródeł światła lub zmieniając długość lamp i żyrandoli. Lampy Argon są wykonywane na indywidualne zlecenie, dlatego też czas realizacji zamówień oscyluję w przedziale 7-21 dni. W ofercie kinkiety, lampy wiszące, plafony, lampy podłogowe, lampy stołowe Polskiej produkcji. Polecamy markę Argon wszystkim zwolennikom pięknego światła w rozsądnej cenie.;Wysokość:90 cm,Szerokość:18 cm,Materiał:Szkło,Kolor:Niebieski,Trzonek:E27,Moc żarówki:15W,Napięcie zasilania:230V,Ilość żarówek:1,Kompatybilna z LED:Tak,Źródło światła w komplecie:Nie,Klasa szczelności:
139;Lampa wisząca LOYD LED R12932 - RedLux - Wyprzedaż;R12932/WYP;265.9;1;LAMPY WISZĄCE DESIGNERSKIE;4;https://polskielampy.pl/images//Redlux/2018/mini/450px_R12932_1.jpg;Wyprzedaż stanu magazynowego ! Cena dotyczy 1 szt. produktu, w promocyjnej cenie posiadamy tylko 2 szt. Wysyłamy w 24 godziny. Produkt nowy i oryginalnie zapakowany. Produkt nie pochodzi z ekspozycji !Oświetlenie RedLux to najwyższa jakość wykonania i nowoczesne wzornictwo. Lampy Redlux zyskały uznanie wśród projektantów i architektów. Polecamy lampy Redlux osobom które cenią sobie najwyższą jakość wykonania i modny design.;Wysokość:96 cm,Szerokość:10 cm,Materiał:Metal,Kolor:Czarny,Trzonek:Moduł LED,Moc żarówki:4,5W,Napięcie zasilania:230V,Ilość żarówek:1,Kompatybilna z LED:,Źródło światła w komplecie:Tak,Klasa szczelności:IP20
140;Lampa zwis NEPTUN 114W P8387-48W+36W+30W Auhilon;P8387-48W+36W+30W;1439.1;1;LAMPY WISZĄCE KRYSZTAŁOWE;6;https://polskielampy.pl/images//DECOLIGHT/mini/450px_P8387-48W+36W+30Wa.jpg;Lampy Deco Light to doskonała propozycja dla wszystkich nowoczesnych wnętrz, urządzonych z smakiem. Lampy Deco Light to zbiór ciekawych modernistycznych modeli lamp. Wśród kolekcji lamp Deco Light znajdują się nowoczesne lampy LED, lampy industrialne oraz techniczne oprawy sufitowe oraz kinkiety. W przypadku lamp wyposażonych LED gwarancja na moduł wynosi aż 3 lata ! Po okresie trzech lat, producent zapewnia serwis pogwarancyjny. Zapraszamy do skorzystania z wspaniałej oferty lamp Deco Light.;Wysokość:120 cm,Szerokość:80 cm,Materiał:Tworzywo sztuczne,Kolor:Biały,Trzonek:Moduł LED,Moc żarówki:114W,Napięcie zasilania:230V,Ilość żarówek:1,Kompatybilna z LED:,Źródło światła w komplecie:Tak,Klasa szczelności:IP20
141;Lampa wisząca  RIO 110 biały LED 3000K TH.104 - Thoro;TH.104;1499.0;1;LAMPY WISZĄCE KRYSZTAŁOWE;10;https://polskielampy.pl/images/thoro-all/mini/450px_104-1.jpg;Lampa wisząca RIO 110 biały LED 3000K TH.104 - Thoro, Oświetlenie w formie ledowych okręgów LED sprawdzi się w każdym nowoczesnym wnętrzu. Lampy są obecnie bardzo popularne i chętnie wykorzystywane w designerskich aranżacjach wnętrz. Prezentujemy oryginalne unikatowe lampy Polskiego producenta światła Thoro. Prezentujemy lampy w stylu okręgi w wielu konfiguracjach pod względem rozmiaru, mocy, źródła światła oraz barwy.;Wysokość:150,Szerokość:110,Materiał:Metal,Kolor:Biały,Trzonek:Moduł LED,Moc żarówki:70W,Napięcie zasilania:230V,Ilość żarówek:1,Kompatybilna z LED:,Źródło światła w komplecie:Tak,Klasa szczelności:IP20
142;Lampa wisząca  RIO 110 czarny LED 3000K TH.103 - Thoro;TH.103;1499.0;1;LAMPY WISZĄCE KRYSZTAŁOWE;10;https://polskielampy.pl/images/thoro-all/mini/450px_103-1.jpg;Lampa wisząca RIO 110 czarny LED 3000K TH.103 - Thoro, Oświetlenie w formie ledowych okręgów LED sprawdzi się w każdym nowoczesnym wnętrzu. Lampy są obecnie bardzo popularne i chętnie wykorzystywane w designerskich aranżacjach wnętrz. Prezentujemy oryginalne unikatowe lampy Polskiego producenta światła Thoro. Prezentujemy lampy w stylu okręgi w wielu konfiguracjach pod względem rozmiaru, mocy, źródła światła oraz barwy.;Wysokość:150,Szerokość:110,Materiał:Metal,Kolor:Czarny,Trzonek:Moduł LED,Moc żarówki:70W,Napięcie zasilania:230V,Ilość żarówek:1,Kompatybilna z LED:,Źródło światła w komplecie:Tak,Klasa szczelności:IP20
143;Lampa wisząca  RIO 78 biały LED 3000K TH.102 - Thoro;TH.102;1199.0;1;LAMPY WISZĄCE KRYSZTAŁOWE;10;https://polskielampy.pl/images/thoro-all/mini/450px_102-1.jpg;Lampa wisząca RIO 78 biały LED 3000K TH.102 - Thoro, Oświetlenie w formie ledowych okręgów LED sprawdzi się w każdym nowoczesnym wnętrzu. Lampy są obecnie bardzo popularne i chętnie wykorzystywane w designerskich aranżacjach wnętrz. Prezentujemy oryginalne unikatowe lampy Polskiego producenta światła Thoro. Prezentujemy lampy w stylu okręgi w wielu konfiguracjach pod względem rozmiaru, mocy, źródła światła oraz barwy.;Wysokość:150,Szerokość:78,Materiał:Metal,Kolor:Biały,Trzonek:Moduł LED,Moc żarówki:50W,Napięcie zasilania:230V,Ilość żarówek:1,Kompatybilna z LED:,Źródło światła w komplecie:Tak,Klasa szczelności:IP20
144;Lampa zwis ALIKANTE II CR MD1372-14CH Auhilon;MD1372-14CH;179.1;1;LAMPY WISZĄCE NOWOCZESNE;10;https://polskielampy.pl/images/DECOLIGHT/2018/mini/450px_MD1372-14CH.jpg;Lampy Deco Light to doskonała propozycja dla wszystkich nowoczesnych wnętrz, urządzonych z smakiem. Lampy Deco Light to zbiór ciekawych modernistycznych modeli lamp. Wśród kolekcji lamp Deco Light znajdują się nowoczesne lampy LED, lampy industrialne oraz techniczne oprawy sufitowe oraz kinkiety. W przypadku lamp wyposażonych LED gwarancja na moduł wynosi aż 3 lata ! Po okresie trzech lat, producent zapewnia serwis pogwarancyjny. Zapraszamy do skorzystania z wspaniałej oferty lamp Deco Light.;Wysokość:120 cm,Szerokość:10 cm,Materiał:Metal,Kolor:Chrom,Trzonek:Moduł LED,Moc żarówki:14W,Napięcie zasilania:230V,Ilość żarówek:1,Kompatybilna z LED:,Źródło światła w komplecie:Tak,Klasa szczelności:IP20
145;Lampa zwis ALIKANTE IV RG MD1372-28RG Auhilon;MD1372-28RG;327.8;1;LAMPY WISZĄCE NOWOCZESNE;8;https://polskielampy.pl/images/DECOLIGHT/2018/mini/450px_MD1372-28RG.jpg;Lampy Deco Light to doskonała propozycja dla wszystkich nowoczesnych wnętrz, urządzonych z smakiem. Lampy Deco Light to zbiór ciekawych modernistycznych modeli lamp. Wśród kolekcji lamp Deco Light znajdują się nowoczesne lampy LED, lampy industrialne oraz techniczne oprawy sufitowe oraz kinkiety. W przypadku lamp wyposażonych LED gwarancja na moduł wynosi aż 3 lata ! Po okresie trzech lat, producent zapewnia serwis pogwarancyjny. Zapraszamy do skorzystania z wspaniałej oferty lamp Deco Light.;Wysokość:120 cm,Szerokość:15 cm,Materiał:Metal,Kolor:Miedziany,Trzonek:Moduł LED,Moc żarówki:28W,Napięcie zasilania:230V,Ilość żarówek:1,Kompatybilna z LED:,Źródło światła w komplecie:Tak,Klasa szczelności:IP20
146;Lampa wisząca PISTA L99832-1 -Zuma Line;003064-001278;224.1;1;LAMPY WISZĄCE NOWOCZESNE;10;https://polskielampy.pl/images/ZumaLine/2017/mini/450px_L99832-1.jpg;Lampa wisząca PISTA to połączenie minimalistycznego designu z nowoczesnym i niepowtarzalnym charakterem. Ciekawy kształt dodaje niesamowitego efektu wizualnego. Stelaż lampy został wykonany z chromowanego metalu wygięty w łuk wzdłuż którego zainstalowano zintegrowane paski LED. Doskonała propozycji dla wnętrz urządzonych w stylu nowoczesnym.;Wysokość:120 cm,Szerokość:120 cm,Materiał:Metal,Kolor:Chrom,Trzonek:Moduł LED,Moc żarówki:15W,Napięcie zasilania:230V,Ilość żarówek:1,Kompatybilna z LED:,Źródło światła w komplecie:Tak,Klasa szczelności:IP20
147;Lampa wisząca RIANO P0454-08C-SDGF - Zuma Line;003064-003547;899.1;1;LAMPY WISZĄCE NOWOCZESNE;10;https://polskielampy.pl/images/ZumaLine/2018/mini/450px_P0454-08C-SDGF.jpg;Lampa wisząca RIANO to połączenie niestandardowego designu z niezwykłą dbałością o szczegóły. Oryginalny kształt dodaje niezwykłej elegancji.Nietypowe i interesujące wzornictwo doskonale spełni funkcję wyjątkowej ozdoby. Ten rodzaj wyjątkowo i klimatycznie rozproszy światło w każdym wnętrzu.Lampa podkreśla nowoczesny charakter pomieszczenia.Idealnie sprawdzi się w aranżacjach modernistycznych lub minimalistycznych.;Wysokość:112 cm,Szerokość:69 cm,Materiał:Szkło,Kolor:Złoty,Trzonek:G9,Moc żarówki:42W,Napięcie zasilania:230V,Ilość żarówek:8,Kompatybilna z LED:Tak,Źródło światła w komplecie:Nie,Klasa szczelności:IP20
148;Lampa wisząca CORSO 2078 - Argon;2078/Argon;749.0;1;LAMPY WISZĄCE RINGI LED;10;https://polskielampy.pl/images/ARGON/ArgonX/mini/450px_2078Corso.jpg;Lampa wisząca CORSO 2078 - ArgonX;Wysokość:200 cm,Szerokość:18 cm,Materiał:,Kolor:Czarny,Trzonek:E27,Moc żarówki:15W,Napięcie zasilania:230V,Ilość żarówek:5,Kompatybilna z LED:Tak,Źródło światła w komplecie:Nie,Klasa szczelności:IP20
149;Lampa zwis BRISTOL piękna  P2435-2L Auhilon;P2435-2L;179.1;1;LAMPY WISZĄCE RINGI LED;10;https://polskielampy.pl/images/DECOLIGHT/2018/mini/450px_P2435-2L.jpg;Lampy Deco Light to doskonała propozycja dla wszystkich nowoczesnych wnętrz, urządzonych z smakiem. Lampy Deco Light to zbiór ciekawych modernistycznych modeli lamp. Wśród kolekcji lamp Deco Light znajdują się nowoczesne lampy LED, lampy industrialne oraz techniczne oprawy sufitowe oraz kinkiety. W przypadku lamp wyposażonych LED gwarancja na moduł wynosi aż 3 lata ! Po okresie trzech lat, producent zapewnia serwis pogwarancyjny. Zapraszamy do skorzystania z wspaniałej oferty lamp Deco Light.;Wysokość:135 cm,Szerokość:17,5 cm,Materiał:Metal,Kolor:Biały,Trzonek:E27,Moc żarówki:60W,Napięcie zasilania:230V,Ilość żarówek:1,Kompatybilna z LED:Tak,Źródło światła w komplecie:Nie,Klasa szczelności:IP20
150;Lampa zwis BUGATTI nowoczesna P1815-1L Auhilon;P1815-1L;62.1;1;LAMPY WISZĄCE RINGI LED;10;https://polskielampy.pl/images/DECOLIGHT/2018/mini/450px_P1815-1L.jpg;Lampy Deco Light to doskonała propozycja dla wszystkich nowoczesnych wnętrz, urządzonych z smakiem. Lampy Deco Light to zbiór ciekawych modernistycznych modeli lamp. Wśród kolekcji lamp Deco Light znajdują się nowoczesne lampy LED, lampy industrialne oraz techniczne oprawy sufitowe oraz kinkiety. W przypadku lamp wyposażonych LED gwarancja na moduł wynosi aż 3 lata ! Po okresie trzech lat, producent zapewnia serwis pogwarancyjny. Zapraszamy do skorzystania z wspaniałej oferty lamp Deco Light.;Wysokość:128 cm,Szerokość:17 cm,Materiał:Metal,Kolor:Biały,Trzonek:E27,Moc żarówki:60W,Napięcie zasilania:230V,Ilość żarówek:1,Kompatybilna z LED:Tak,Źródło światła w komplecie:Nie,Klasa szczelności:IP20
151;Lampa zwis ISLAND piękna MD1038-1M Auhilon;MD1038-1M;197.1;1;LAMPY WISZĄCE RINGI LED;10;https://polskielampy.pl/images/DECOLIGHT/mini/450px_MD1038-1M.jpg;Lampy Deco Light to doskonała propozycja dla wszystkich nowoczesnych wnętrz, urządzonych z smakiem. Lampy Deco Light to zbiór ciekawych modernistycznych modeli lamp. Wśród kolekcji lamp Deco Light znajdują się nowoczesne lampy LED, lampy industrialne oraz techniczne oprawy sufitowe oraz kinkiety. W przypadku lamp wyposażonych LED gwarancja na moduł wynosi aż 3 lata ! Po okresie trzech lat, producent zapewnia serwis pogwarancyjny. Zapraszamy do skorzystania z wspaniałej oferty lamp Deco Light.;Wysokość:120 cm,Szerokość:23 cm,Materiał:Metal,Kolor:Czarny,Trzonek:E27,Moc żarówki:40W,Napięcie zasilania:230V,Ilość żarówek:1,Kompatybilna z LED:Tak,Źródło światła w komplecie:Nie,Klasa szczelności:IP20
152;Lampa wisząca DON SP1 BIG 103136 -Ideal Lux;103136/IL;1433.5;1;LAMPY WISZĄCE STYLOWE;10;https://polskielampy.pl/images//lampy/IdealLux/2018/mini/450px_103136_1.jpg;IDEAL LUX to włoski producent lamp najwyższej jakości. Polecamy lampy IDEAL LUX wszystkim ceniącym sobie najwyższą jakość wykonania i najlepsze materiały. Tradycyjny włoski design w połączeniu z najnowszymi technologiami to główne cechy lamp IDEAL LUX. W ofercie lamp IDEAL LUX możemy znaleźć piękne lampy kryształowe, żyrandole klasyczne i abażurowe, lampy stołowe jak również serie oświetlenia ogrodowego: kinkiety, lampy wiszące, stojące oraz latarnie.;Wysokość:140 cm,Szerokość:50 cm,Materiał:Metal,Kolor:Biały,Trzonek:E14,Moc żarówki:60W,Napięcie zasilania:230V,Ilość żarówek:1,Kompatybilna z LED:Tak,Źródło światła w komplecie:Nie,Klasa szczelności:IP20
153;Lampa wisząca DON SP1 SMALL 103112 -Ideal Lux;103112/IL;778.5;1;LAMPY WISZĄCE STYLOWE;10;https://polskielampy.pl/images//lampy/IdealLux/2018/mini/450px_103112_1.jpg;IDEAL LUX to włoski producent lamp najwyższej jakości. Polecamy lampy IDEAL LUX wszystkim ceniącym sobie najwyższą jakość wykonania i najlepsze materiały. Tradycyjny włoski design w połączeniu z najnowszymi technologiami to główne cechy lamp IDEAL LUX. W ofercie lamp IDEAL LUX możemy znaleźć piękne lampy kryształowe, żyrandole klasyczne i abażurowe, lampy stołowe jak również serie oświetlenia ogrodowego: kinkiety, lampy wiszące, stojące oraz latarnie.;Wysokość:135 cm,Szerokość:40 cm,Materiał:Metal,Kolor:Biały,Trzonek:E14,Moc żarówki:60W,Napięcie zasilania:230V,Ilość żarówek:1,Kompatybilna z LED:Tak,Źródło światła w komplecie:Nie,Klasa szczelności:IP20
154;Lampa wisząca FOLK SP3 174235 -Ideal Lux;174235/IL;1093.7;1;LAMPY WISZĄCE STYLOWE;10;https://polskielampy.pl/images//lampy/IdealLux/2018/mini/450px_174235_1.jpg;IDEAL LUX to włoski producent lamp najwyższej jakości. Polecamy lampy IDEAL LUX wszystkim ceniącym sobie najwyższą jakość wykonania i najlepsze materiały. Tradycyjny włoski design w połączeniu z najnowszymi technologiami to główne cechy lamp IDEAL LUX. W ofercie lamp IDEAL LUX możemy znaleźć piękne lampy kryształowe, żyrandole klasyczne i abażurowe, lampy stołowe jak również serie oświetlenia ogrodowego: kinkiety, lampy wiszące, stojące oraz latarnie.;Wysokość:104 cm,Szerokość:72 cm,Materiał:Metal,Kolor:Brązowy,Trzonek:E27,Moc żarówki:60W,Napięcie zasilania:230V,Ilość żarówek:3,Kompatybilna z LED:Tak,Źródło światła w komplecie:Nie,Klasa szczelności:IP20
155;Lampa wisząca  ELEGANTE - JX611D-60B - King Home;JX611D-60B;1299.0;1;LAMPY WISZĄCE STYLOWE;2;https://polskielampy.pl/images/Obrazki/mini/450px_OSW000017_elegante-black-2-1.jpg;King Home to ciągle nowe rozwiązania dla Twojego mieszkania. Przedstawiamy tu zbiór nowoczesnych pomysłów na urządzenie każdego wnętrza. W kolekcji King Home znajdują się między innymi modernistyczne lampy o ciekawych formach i kształtach. Meble designerskie, fotele, hokery, sofy i krzesła barowe które upiększą i nadadzą ciekawej formy wszystkim designersko urządzanym wnętrzom.King Home - to podróż po świecie nowoczesnego designu, magicznych form oświetleniowych oraz pięknych mebli designerskich dla domu, mieszkania i biura. Wspaniałe projekty oświetleniowe inspirowane najnowszymi trendami. Wśród lamp King Home znajdziesz nowoczesne lampy szklane, kryształowe oraz metalowe. W ofercie znajdują się modernistyczne lampy nowoczesne oraz minimalistyczne lampy w stylu loft industrial.;Wysokość:160 cm,Szerokość:60 cm,Materiał:Metal,Kolor:Czarny,Trzonek:E27,Moc żarówki:60W,Napięcie zasilania:230V,Ilość żarówek:1,Kompatybilna z LED:Tak,Źródło światła w komplecie:Nie,Klasa szczelności:IP20
